Workbook

Sheet Leads
A1: ID | B1: Fecha | C1: Cliente | D1: Empresa | E1: Producto | F1: Valor USD | G1: Estado | H1: Fuente | I1: Prioridad | J1: Mes | K1: Notas | L1: Fecha Seguimiento
A2: L1000 | B2: 03/01/2026 | C2: Karla Cedeño | D2: Kitty Boutique | E2: Falda Jeans | F2: 9.08 | G2: En negociación | H2: Página Web | I2: Baja | J2: Enero | K2: Interesada en falda jeans | L2: 09/01/2026
A3: L1001 | B3: 04/01/2026 | C3: Mishell Mendoza | D3: Kitty Boutique | E3: Top Elegante | F3: 7.05 | G3: Vendido | H3: Instagram | I3: Alta | J3: Enero | K3: Interesada en top elegante | L3: 24/01/2026
A4: L1002 | B4: 05/01/2026 | C4: Daniela Reyes | D4: Kitty Boutique | E4: Falda Jeans | F4: 14.26 | G4: Vendido | H4: TikTok | I4: Baja | J4: Enero | K4: Interesada en falda jeans | L4: 27/01/2026
A5: L1003 | B5: 06/01/2026 | C5: Andrea Vélez | D5: Kitty Boutique | E5: Accesorios | F5: 9.38 | G5: Apartado | H5: Facebook | I5: Alta | J5: Enero | K5: Interesada en accesorios | L5: 09/01/2026
A6: L1004 | B6: 06/01/2026 | C6: Camila Borbor | D6: Kitty Boutique | E6: Top Elegante | F6: 11.39 | G6: En negociación | H6: Página Web | I6: Baja | J6: Enero | K6: Interesada en top elegante | L6: 21/01/2026
A7: L1005 | B7: 09/01/2026 | C7: Nicole Reyes | D7: Kitty Boutique | E7: Top Elegante | F7: 11.92 | G7: Apartado | H7: WhatsApp | I7: Baja | J7: Enero | K7: Interesada en top elegante | L7: 29/01/2026
A8: L1006 | B8: 10/01/2026 | C8: Cinthya Cedeño | D8: Kitty Boutique | E8: Conjunto Casual | F8: 20.8 | G8: Pendiente | H8: Página Web | I8: Alta | J8: Enero | K8: Interesada en conjunto casual | L8: 31/01/2026
A9: L1007 | B9: 10/01/2026 | C9: Johanna Pincay | D9: Kitty Boutique | E9: Bolso Fashion | F9: 9.51 | G9: Apartado | H9: Facebook | I9: Alta | J9: Enero | K9: Interesada en bolso fashion | L9: 25/01/2026
A10: L1008 | B10: 14/01/2026 | C10: Johanna Suárez | D10: Kitty Boutique | E10: Top Elegante | F10: 16.38 | G10: Vendido | H10: Instagram | I10: Alta | J10: Enero | K10: Interesada en top elegante | L10: 25/01/2026
A11: L1009 | B11: 14/01/2026 | C11: Karla Torres | D11: Kitty Boutique | E11: Bolso Fashion | F11: 22.09 | G11: Vendido | H11: Página Web | I11: Alta | J11: Enero | K11: Interesada en bolso fashion | L11: 29/01/2026
A12: L1010 | B12: 15/01/2026 | C12: Nicole Zambrano | D12: Kitty Boutique | E12: Vestido Floral | F12: 23.39 | G12: En negociación | H12: Referido | I12: Baja | J12: Enero | K12: Interesada en vestido floral | L12: 28/01/2026
A13: L1011 | B13: 17/01/2026 | C13: Johanna Yagual | D13: Kitty Boutique | E13: Blusa Casual | F13: 9.14 | G13: Apartado | H13: Instagram | I13: Alta | J13: Enero | K13: Interesada en blusa casual | L13: 26/01/2026
... A129: L1127 | B129: 28/06/2026 | C129: Liseth Gómez | D129: Kitty Boutique | E129: Vestido Floral | F129: 14.71 | G129: Pendiente | H129: WhatsApp | I129: Media | J129: Junio | K129: Interesada en vestido floral | L129: 03/07/2026

Sheet Dashboard
A1: KITTY BOUTIQUE — DASHBOARD
N2: Tabla auxiliar — Por Estado | Q2: Tabla auxiliar — Por Producto
A3: TOTAL LEADS | C3: VALOR DEL PIPELINE | E3: INGRESOS GANADOS | G3: TASA DE CONVERSIÓN | N3: Estado | O3: Cantidad | Q3: Producto | R3: Cantidad
A4: =COUNTA(Leads!A2:A129) | C4: =SUMIFS(Leads!F2:F129,Leads!G2:G129,"<>Vendido") | E4: =SUMIFS(Leads!F2:F129,Leads!G2:G129,"Vendido") | G4: =COUNTIF(Leads!G2:G129,"Vendido")/COUNTA(Leads!A2:A129) | N4: Pendiente | O4: =COUNTIF(Leads!$G$2:$G$129,N4) | Q4: Falda Jeans | R4: =COUNTIF(Leads!$E$2:$E$129,Q4)
N5: Contactada | O5: =COUNTIF(Leads!$G$2:$G$129,N5) | Q5: Top Elegante | R5: =COUNTIF(Leads!$E$2:$E$129,Q5)
N6: En negociación | O6: =COUNTIF(Leads!$G$2:$G$129,N6) | Q6: Accesorios | R6: =COUNTIF(Leads!$E$2:$E$129,Q6)
N7: Apartado | O7: =COUNTIF(Leads!$G$2:$G$129,N7) | Q7: Conjunto Casual | R7: =COUNTIF(Leads!$E$2:$E$129,Q7)
N8: Vendido | O8: =COUNTIF(Leads!$G$2:$G$129,N8) | Q8: Bolso Fashion | R8: =COUNTIF(Leads!$E$2:$E$129,Q8)
Q9: Blazer Mujer | R9: =COUNTIF(Leads!$E$2:$E$129,Q9)
Q10: Vestido Floral | R10: =COUNTIF(Leads!$E$2:$E$129,Q10)
N11: Tabla auxiliar — Por Fuente | Q11: Blusa Casual | R11: =COUNTIF(Leads!$E$2:$E$129,Q11)
N12: Fuente | O12: Cantidad | Q12: Pantalón Jeans | R12: =COUNTIF(Leads!$E$2:$E$129,Q12)
N13: Página Web | O13: =COUNTIF(Leads!$H$2:$H$129,N13) | Q13: Blusa Suplex | R13: =COUNTIF(Leads!$E$2:$E$129,Q13)
N14: Instagram | O14: =COUNTIF(Leads!$H$2:$H$129,N14)
N15: Facebook | O15: =COUNTIF(Leads!$H$2:$H$129,N15) | Q15: Tabla auxiliar — Valor por Mes
N16: TikTok | O16: =COUNTIF(Leads!$H$2:$H$129,N16) | Q16: Mes | R16: Valor USD
N17: Referido | O17: =COUNTIF(Leads!$H$2:$H$129,N17) | Q17: Enero | R17: =SUMIFS(Leads!$F$2:$F$129,Leads!$J$2:$J$129,Q17)
N18: WhatsApp | O18: =COUNTIF(Leads!$H$2:$H$129,N18) | Q18: Febrero | R18: =SUMIFS(Leads!$F$2:$F$129,Leads!$J$2:$J$129,Q18)
Q19: Marzo | R19: =SUMIFS(Leads!$F$2:$F$129,Leads!$J$2:$J$129,Q19)
Q20: Abril | R20: =SUMIFS(Leads!$F$2:$F$129,Leads!$J$2:$J$129,Q20)
Q21: Mayo | R21: =SUMIFS(Leads!$F$2:$F$129,Leads!$J$2:$J$129,Q21)
Q22: Junio | R22: =SUMIFS(Leads!$F$2:$F$129,Leads!$J$2:$J$129,Q22)
